student_id,keystrokes,mouse_clicks,idle_time_minutes,sessions_per_week,exercise_completion_rate,result
S0001,294,523,15.070980956660868,2,0.9951982054089108,1
S0002,312,509,18.579224510356013,7,0.5097362633975195,1
S0003,280,483,25.97381430938469,7,0.6821493913959857,0
S0004,305,507,24.47323593786936,6,0.92321784090572,1
S0005,319,469,13.13570274259468,8,0.5350242394265197,1
S0006,282,497,21.757399501761007,7,0.6860771343402299,0
S0007,290,470,10.108873753125948,5,0.4795493081087075,1
S0008,297,517,20.234674510301847,6,0.6370457952329156,0
S0009,306,461,29.488835083729885,6,0.5062812728758015,0
S0010,289,546,15.260536413655068,7,0.6181766492626942,0
S0011,298,512,15.82838477254209,6,0.6240785300756332,1
S0012,283,506,23.820148907864297,3,0.9959024737589997,0
S0013,305,509,12.28599242395177,3,0.9968878175822632,1
S0014,305,507,16.836224850574805,1,0.4688717671963675,1
S0015,290,515,22.982205687908763,5,0.8355812675970083,0
S0016,309,534,16.828570761552985,3,0.4310472878014607,0
S0017,276,502,18.820150063945142,9,0.4181152092023132,0
S0018,287,486,23.720928551575174,8,0.4632003365469786,0
S0019,290,505,22.10773041768281,4,0.9792913942047604,0
S0020,302,470,21.33409198147701,2,0.9645181287368184,0
S0021,305,490,18.304388603649805,3,0.5163566921684083,0
S0022,272,510,21.850305576344777,2,0.4970034013322269,0
S0023,258,513,19.381336599501218,4,0.5443210519095683,0
S0024,294,511,22.289028049628925,4,0.7093281964450853,0
S0025,319,487,17.51533987441011,5,0.741822779221246,1
S0026,288,497,19.087155128102296,8,0.5329560582636684,1
S0027,278,523,15.05021103723993,6,0.8539736728539671,0
S0028,315,538,19.82496194996882,3,0.5857319016415905,0
S0029,311,488,15.944995681855776,5,0.9532787953176464,0
S0030,315,492,14.429767749190034,6,0.7940336238740384,0
S0031,293,514,21.293305739276946,3,0.661810716582167,0
S0032,322,492,21.063698879288303,8,0.8739472010217072,1
S0033,291,495,23.914368674742864,8,0.8907487756279988,1
S0034,290,532,17.844372152124507,5,0.5742889633653662,0
S0035,312,474,22.04026423418378,4,0.6038287263016506,1
S0036,324,509,22.75398786136832,2,0.961573092237162,0
S0037,276,489,22.22386903915797,6,0.4988446230179632,0
S0038,314,494,15.87173158598929,5,0.4252902501777605,0
S0039,315,512,20.746817411355945,6,0.6724331935657295,0
S0040,301,491,21.820701480273307,7,0.8807259401461773,0
S0041,290,512,20.03589233453971,3,0.8630008637864475,0
S0042,327,499,9.567611708144575,9,0.9517183773476996,0
S0043,295,500,20.8024481198674,2,0.7199203986214242,0
S0044,285,492,31.06265519698621,0,0.46003880293992,1
S0045,289,475,18.199803656215085,6,0.7532133846016096,1
S0046,332,518,16.359614510723393,4,0.8670373686119269,0
S0047,307,486,21.86674279855699,6,0.4559968721618959,0
S0048,317,469,21.561891052332857,4,0.5035944406585539,0
S0049,325,488,25.96367582708207,5,0.4073743966934026,1
S0050,291,507,13.71065922045556,2,0.7561915476680863,0
S0051,285,559,23.65690126287496,5,0.9320406351675428,0
S0052,318,493,22.95211030625732,4,0.8023979896012596,0
S0053,296,503,19.28926731529727,3,0.9892240525545892,0
S0054,276,503,21.69343658960845,5,0.4378201914998569,0
S0055,336,518,25.147287407991787,3,0.9418006510908976,1
S0056,301,496,24.361576900142254,3,0.8884409724320084,1
S0057,293,484,14.284903439631355,4,0.588544912299703,0
S0058,347,453,24.10079093377742,8,0.9841159311023512,0
S0059,300,504,19.676556974837407,5,0.572762648902849,0
S0060,289,505,20.364370490077576,4,0.9335828342969312,0
S0061,305,496,20.36598495500847,4,0.9284491462445136,1
S0062,262,499,19.2487850560087,4,0.8545945699617835,0
S0063,328,508,25.958537485535324,4,0.738082284287711,0
S0064,279,508,19.58141020075394,7,0.4720016497701328,0
S0065,309,493,14.402269358084157,8,0.719183040697899,1
S0066,286,498,18.03235072015136,7,0.6140777533929608,1
S0067,293,536,20.893473584052376,3,0.875330219893211,0
S0068,307,502,26.14607392148525,6,0.854877523898107,0
S0069,272,471,23.01547342474417,6,0.9463675044235632,0
S0070,291,470,15.74732360626478,4,0.4088980974590247,1
S0071,309,485,32.425949583394456,6,0.8854619300938277,0
S0072,301,547,21.3238765548899,9,0.9630772318748012,0
S0073,307,498,26.37695368999508,6,0.8735802694648901,0
S0074,310,499,19.241427832113853,4,0.47811667592222,1
S0075,334,506,22.66679622352725,6,0.4487674629045327,0
S0076,292,486,24.197342522592024,7,0.4125071438846205,0
S0077,331,518,26.09097355877128,4,0.7772471354968427,0
S0078,287,501,25.286841526891124,3,0.7778035911159324,1
S0079,318,505,24.360985000364888,4,0.9921482285309272,1
S0080,301,524,18.42456634402945,5,0.6388259044624575,1
S0081,273,505,17.14126979021969,3,0.599143770938498,0
S0082,326,479,21.663037551620988,5,0.7746549563106355,0
S0083,292,527,24.665640361705343,3,0.8953652035045564,1
S0084,312,526,18.88639649611697,5,0.9620643697138012,0
S0085,324,456,25.32585982857193,5,0.8818744997074232,1
S0086,307,497,27.263083727430896,5,0.6560043883694828,1
S0087,305,508,15.418395404632902,6,0.7809485411872386,0
S0088,274,512,15.8153964810186,6,0.9137795960296702,0
S0089,302,513,19.29812470547332,6,0.6943658129870437,1
S0090,308,487,21.538063340945985,5,0.5300119862232356,1
S0091,311,522,17.377164931164746,7,0.5018340638487238,0
S0092,291,512,26.76101339433572,3,0.400094646746834,0
S0093,308,486,22.12033430759225,5,0.8309427969887706,0
S0094,308,516,20.197235241203696,7,0.4666583253075943,0
S0095,273,516,12.82045238065736,2,0.5463034598175642,0
S0096,288,517,13.420920917862464,8,0.578725798913676,0
S0097,325,510,21.40504625140904,4,0.7362279160820611,1
S0098,316,526,9.337021869225818,2,0.6387743663774615,1
S0099,304,464,25.06318704822036,5,0.804804395213897,1
S0100,283,461,19.2092307781384,5,0.4333831955972216,0
S0101,288,494,36.215464847973664,4,0.4743635165586637,0
S0102,307,490,31.539581253080552,6,0.69952690211996,1
S0103,329,501,19.092754653762416,8,0.6021788727080979,0
S0104,296,461,19.468314987343422,4,0.5774880176508158,0
S0105,289,521,24.97790757001015,3,0.4402168474225136,0
S0106,321,450,28.515863049590187,6,0.9374315048488008,1
S0107,281,494,11.809854712819917,4,0.8150911516750305,1
S0108,334,481,11.068122673226569,2,0.4729708940917896,0
S0109,303,494,16.889825972228092,3,0.4390275746422843,1
S0110,278,488,22.91368791586932,1,0.9849235200587458,0
S0111,323,481,22.484367952537987,9,0.8087035302637029,0
S0112,310,491,25.34885727491925,5,0.650473642656245,1
S0113,293,470,14.00151235817346,3,0.8210386244534709,1
S0114,317,500,8.419280685155616,4,0.8537990718880955,0
S0115,322,505,24.290070976510727,3,0.8679773214332676,0
S0116,300,459,15.859018635173827,4,0.6867263833918347,1
S0117,316,482,9.90756067805681,6,0.6579296548749087,1
S0118,310,523,20.725318729796907,4,0.4066168505613402,1
S0119,325,503,23.965878441093388,2,0.9559342690851028,0
S0120,294,473,19.389714339393613,6,0.7619847270333658,1
S0121,304,484,17.710758069087554,3,0.5218923623139808,1
S0122,298,485,19.203188839270467,6,0.951762051652862,0
S0123,289,508,18.147086187996084,2,0.9489591410621778,1
S0124,247,517,13.259764440299165,8,0.9935104986196576,0
S0125,318,447,16.426596615047842,3,0.9244339378833872,0
S0126,277,514,22.606399525069072,6,0.9986706326920388,1
S0127,314,525,21.6083927068825,4,0.5468117128739636,0
S0128,306,483,20.8402990298341,5,0.9053497511195404,0
S0129,262,488,15.024257590733104,6,0.8938169852774587,1
S0130,302,491,19.092484189321663,1,0.5385642155324403,0
S0131,301,526,9.114674767785726,5,0.4590625294005945,0
S0132,316,520,20.892383319426948,7,0.9876523082065598,1
S0133,297,496,27.14428853906784,6,0.5776147309123663,0
S0134,319,492,12.629339339789473,6,0.9225350742806836,0
S0135,295,464,17.070361633411224,7,0.4024762928047624,0
S0136,280,500,21.64553389355065,4,0.4126148843317613,0
S0137,302,509,26.264213172137417,3,0.6795227852178211,1
S0138,308,514,17.758876918499254,8,0.5432288103610381,1
S0139,303,551,16.538748353670517,4,0.8139047700615786,0
S0140,296,486,10.155384287919585,5,0.7393385953407726,1
S0141,293,520,20.51719064654053,5,0.4464914784702949,0
S0142,259,448,30.21038020071872,3,0.4975769777894303,0
S0143,321,555,21.38679230982338,9,0.6328295620350486,1
S0144,299,496,19.888605104081435,8,0.5113624383732599,1
S0145,300,479,21.61041155383493,6,0.8753334083463571,0
S0146,281,491,19.94453998025699,3,0.6496421413319681,0
S0147,295,518,15.934928138699352,5,0.4560591201054996,0
S0148,307,523,24.116399578388528,5,0.6906057413632749,0
S0149,294,480,21.12880761555877,5,0.4545029086368485,0
S0150,300,498,20.088066259668288,3,0.4773623832518903,1
S0151,308,480,15.123169863608751,7,0.5437658992169232,0
S0152,268,507,26.5175396596738,3,0.915716623148494,1
S0153,335,472,23.32351372666555,0,0.9547675193997832,0
S0154,294,516,17.23539581316349,6,0.8957546375992415,0
S0155,298,509,25.009124268409685,6,0.6004463304507084,0
S0156,336,514,17.512145808073964,4,0.563467864665299,0
S0157,283,532,16.089982537444815,5,0.7294934144741435,1
S0158,274,491,16.201484412598564,9,0.8331118963198674,0
S0159,273,468,11.144657234559544,5,0.9960236728961048,0
S0160,268,484,22.35771190209103,4,0.4789424271273557,1
S0161,320,489,10.84427560830825,3,0.4295751994142827,1
S0162,318,470,13.857780843671186,6,0.8166135333971627,0
S0163,276,499,9.622059954607334,2,0.8993354701023433,0
S0164,306,502,19.569651536045534,6,0.907809267919854,1
S0165,312,512,19.24839769864064,6,0.8070781294462964,1
S0166,289,519,18.36651893406818,6,0.9724094824715124,1
S0167,313,501,14.787111526647118,5,0.7066028581267522,0
S0168,293,470,14.1388312328168,3,0.9482888790017276,1
S0169,292,519,22.32184931773287,4,0.980687282194914,0
S0170,321,469,17.247240341457562,4,0.9082944742018646,0
S0171,313,519,21.581791607680724,5,0.5858551379551724,1
S0172,274,490,15.573756569378888,4,0.5177293907021772,0
S0173,300,509,20.905313713855413,4,0.728872038989091,0
S0174,291,526,26.51639018658032,5,0.6718088502281131,0
S0175,294,534,22.93082900196392,5,0.9266550053156398,0
S0176,327,520,17.937930908917597,5,0.4600190026402923,1
S0177,291,493,21.28599485177964,7,0.5546440367869112,1
S0178,339,457,18.796674127348936,3,0.8510793667112251,0
S0179,307,483,20.03940092347364,2,0.4569919869863873,0
S0180,289,517,18.371944739257483,4,0.5924586484130201,1
S0181,309,547,19.178323970573043,4,0.6322932364323899,1
S0182,316,561,21.06046676537088,6,0.773556277937614,0
S0183,272,491,15.033206502090248,3,0.4948795874316187,1
S0184,264,478,14.920605865050108,5,0.9163626942098256,1
S0185,297,508,13.057287230843944,5,0.6685253412797645,0
S0186,292,505,11.99864447748145,5,0.950213027128334,0
S0187,279,522,13.913586538897604,5,0.680721948180359,0
S0188,306,493,20.797312534020644,3,0.5650241553644401,1
S0189,271,484,15.53606242254058,10,0.4850972972126049,0
S0190,268,538,22.56807232115548,5,0.4022470568267709,0
S0191,311,498,20.17356874376281,4,0.7192944909909014,0
S0192,294,514,10.157478932809733,4,0.464294018156154,1
S0193,294,473,23.274877921108448,7,0.6350366581787069,0
S0194,315,508,24.05399322795855,3,0.753563056742252,1
S0195,296,502,15.030686625825734,6,0.5654115381416202,1
S0196,275,500,22.10095771447496,2,0.5051345754196692,0
S0197,263,460,15.717508812954003,4,0.864832973565605,0
S0198,276,522,20.48835188374168,4,0.9680747033689724,0
S0199,313,503,13.677507965225171,4,0.4602642507171796,1
S0200,346,445,11.034467737327116,8,0.4933541946310047,0
S0201,289,496,18.08591405193516,5,0.9760075943516312,0
S0202,269,527,19.381355268625818,8,0.4226705330873478,0
S0203,306,558,18.01160153192698,5,0.9865794019302834,0
S0204,298,504,14.079847208887202,7,0.4027866898509933,1
S0205,304,496,18.000504689344314,8,0.9242011933907988,1
S0206,259,459,21.34647376290367,3,0.5843951085926498,1
S0207,298,501,19.77553484938732,4,0.963153314906378,0
S0208,288,518,20.91250515299607,6,0.5901671731813513,0
S0209,298,498,16.649423997728835,4,0.7925837929204336,1
S0210,304,483,25.8585895735808,4,0.448019541859562,0
S0211,310,511,14.119133317226098,6,0.5453978868722434,1
S0212,290,504,22.437801485433592,2,0.8642076078875505,0
S0213,309,500,25.90945546479981,4,0.7172115122072918,0
S0214,328,540,22.40454046374448,2,0.9567814370722268,1
S0215,339,509,18.98737886467585,8,0.6572508450048126,1
S0216,306,488,17.358514766685104,7,0.9218874194883538,1
S0217,333,515,25.18043825523128,2,0.6693732624869425,0
S0218,258,495,12.885125373691634,5,0.9875489672211912,0
S0219,294,499,15.14937869810178,6,0.975900628839326,0
S0220,305,469,18.01221117254139,7,0.5974820233336482,1
S0221,319,493,26.18826878755999,7,0.931554202250082,1
S0222,296,518,21.89883818020448,7,0.9085668245293896,0
S0223,320,493,15.159771207448774,6,0.5264082383965377,1
S0224,297,538,18.448461473075483,5,0.7745742404699618,1
S0225,341,505,16.92838427951853,5,0.4436093893538889,1
S0226,285,520,16.451055038832326,8,0.902026432350077,0
S0227,306,504,24.894447792783897,7,0.5047275301020979,0
S0228,275,510,13.141284353682472,4,0.4424888208314587,1
S0229,301,478,28.043904278671867,5,0.6401314573232867,0
S0230,301,466,24.141148450923115,8,0.7461532831597861,1
S0231,302,480,25.45430835301849,5,0.9129501751358626,1
S0232,323,438,17.68530243987371,2,0.984545515313042,1
S0233,278,529,19.25029640460445,3,0.6636955075419182,0
S0234,314,551,12.83424092737644,7,0.4362681537911621,0
S0235,311,496,17.376687964665983,3,0.8494693474155224,0
S0236,278,501,22.46827423821576,8,0.7391039537343624,0
S0237,292,485,26.48031530890698,1,0.6687348069066779,0
S0238,295,533,14.464215915987742,5,0.5855613272753138,0
S0239,327,520,18.17247031507367,3,0.7014391167061214,0
S0240,301,500,19.24350389883739,5,0.6032077626742186,0
S0241,295,506,13.021053989037574,5,0.8542071206484162,0
S0242,300,489,22.956746208792,2,0.7263362178955847,0
S0243,298,479,16.380048341286955,7,0.9261086644924672,0
S0244,300,500,19.02304824411488,2,0.7261263487896652,1
S0245,307,522,17.74025314044061,4,0.5429574480039581,0
S0246,269,489,16.053307471401627,5,0.9106551293392868,0
S0247,277,519,19.964775072597227,4,0.7343314269580263,1
S0248,278,474,18.92195210715989,4,0.5241046228861368,1
S0249,282,502,18.14071058860668,5,0.7741046859737333,0
S0250,326,495,16.357691891598286,4,0.6146300589654565,1
S0251,308,471,21.597623353914777,4,0.9066433673752394,1
S0252,283,501,28.268086342461423,5,0.6719798431879257,1
S0253,281,487,20.699436164195635,7,0.8358648148644501,0
S0254,282,481,24.980591074555644,6,0.4573217245817423,1
S0255,276,481,13.048890374232688,6,0.6376146077814078,0
S0256,284,516,20.78880719646885,8,0.9899448618834392,0
S0257,300,495,14.513158405144669,5,0.885076173686289,1
S0258,306,488,12.615375362340494,2,0.4959644814201572,0
S0259,265,523,16.30314296270482,4,0.566658429686353,1
S0260,317,492,25.959496672067864,6,0.5978894853138167,0
S0261,282,517,24.750079143348227,3,0.7902193362972674,1
S0262,293,506,21.215023610272,3,0.8541968556937933,0
S0263,306,461,12.336497200550346,5,0.8497159652847459,0
S0264,298,514,19.018596743060314,5,0.7059244337838417,0
S0265,253,520,21.50850004450868,6,0.8864923227028907,0
S0266,311,552,20.87768114789299,2,0.6622468496544851,0
S0267,301,484,10.78103208259627,6,0.4743283391773372,1
S0268,275,486,15.54841075990064,4,0.738665104992288,0
S0269,302,518,19.67961117925641,3,0.971380830760664,1
S0270,288,501,22.68145454758595,4,0.8757961908355067,0
S0271,284,491,9.019360894500268,2,0.7472203886153455,0
S0272,276,524,19.189380122600703,6,0.7880833962094582,1
S0273,305,514,20.71524384939476,8,0.9583372162213436,0
S0274,316,539,24.248059942581065,5,0.6570056766609763,1
S0275,271,515,23.464287921187186,6,0.5988364833655824,1
S0276,304,485,22.912856594044023,5,0.9863449390002694,0
S0277,297,478,16.00029746649033,5,0.9180658801062,1
S0278,289,527,10.459989314383462,6,0.5938261507711614,1
S0279,307,515,18.034736214692995,4,0.6782683584165536,0
S0280,293,549,25.0081591260428,4,0.6490468774046795,1
S0281,305,492,26.96727263762216,5,0.4894574072028603,0
S0282,274,520,23.55274551148893,5,0.9746915942879556,0
S0283,286,492,22.14670411400867,4,0.6425874587318553,1
S0284,282,525,21.898198241929823,4,0.9251974495827447,1
S0285,270,496,17.219406266196096,7,0.513613736608399,1
S0286,295,514,19.3496985322319,5,0.7287224863823318,1
S0287,275,503,28.345347629131656,4,0.4143768310745619,1
S0288,318,450,15.287209971040618,3,0.8585322903053851,1
S0289,281,515,28.07389395354926,9,0.748548338947767,0
S0290,332,477,18.38985922753971,6,0.7753537500818517,0
S0291,303,503,26.62716054547539,6,0.4310325295327921,0
S0292,314,471,12.965924952512308,4,0.5266229981251692,1
S0293,291,474,22.929521005823247,7,0.4445985234121481,0
S0294,300,486,16.31614932026189,6,0.5733485894822871,0
S0295,276,511,12.923664040379062,6,0.7764634046092906,0
S0296,289,483,21.092670212054728,2,0.7397115905904251,1
S0297,280,505,25.047358942979844,6,0.7672898929680342,1
S0298,302,535,15.775292807032518,4,0.7295507628267366,0
S0299,292,511,12.504920197707994,7,0.5638172774055157,0
S0300,291,503,19.540776178325224,8,0.5467044984066551,0
S0301,287,487,19.56282335611409,6,0.4822358101219487,0
S0302,314,508,22.74159813777249,3,0.9094425249420952,0
S0303,299,516,24.747972856822443,4,0.7698876151247467,1
S0304,292,458,19.70292409363753,5,0.5119066075024359,1
S0305,277,486,29.277516573971315,3,0.5063256278927437,0
S0306,335,512,21.12117372267646,5,0.923821360915682,0
S0307,267,453,18.267867469965505,8,0.8456385182579915,0
S0308,304,547,11.94216320448586,8,0.7956394479432228,0
S0309,278,511,18.68670239841916,5,0.6441184645235799,0
S0310,283,478,18.31806527294432,5,0.5571853385671105,0
S0311,281,517,24.80152398140735,8,0.9876704578676944,0
S0312,308,485,22.31241812033427,5,0.8783437450136802,1
S0313,293,496,14.103154391836911,4,0.5810675338817659,1
S0314,295,458,20.86127193205519,3,0.9085388777670969,1
S0315,297,468,23.357655858645263,7,0.8553591691688089,0
S0316,298,516,27.640156796939163,4,0.5782483299267991,1
S0317,313,495,24.437519837070298,4,0.6559317125449838,1
S0318,286,493,23.80423327155739,5,0.511572067234616,0
S0319,294,479,20.30042997307582,3,0.4666314666268656,0
S0320,327,484,21.941560027117248,5,0.8336572197038181,0
S0321,276,507,26.247524503530794,4,0.5605071144123199,0
S0322,306,486,13.336113012601752,6,0.8920356194477521,0
S0323,278,506,18.25280336391522,5,0.9973652269086556,0
S0324,306,510,16.137156256218795,5,0.4459718883577892,0
S0325,325,483,21.89576559363062,2,0.6838210750502202,0
S0326,280,514,26.15111087825393,5,0.8812375355864819,0
S0327,287,488,17.01512856639463,3,0.8733705379247401,1
S0328,314,506,8.04847816265281,3,0.8559982949985812,0
S0329,292,549,17.93889627487765,5,0.6093969611811466,1
S0330,275,516,24.56736866008704,4,0.6723119534110313,0
S0331,277,479,22.6881495147494,3,0.7569810144048821,0
S0332,316,513,22.140931239052883,4,0.9843643501439544,0
S0333,285,494,18.6000334906276,2,0.5965283625630957,0
S0334,311,505,13.604846318901068,6,0.9538863326301148,0
S0335,310,497,22.576471608122336,7,0.5616141509082965,0
S0336,287,493,15.828590949826877,3,0.9934446792842228,0
S0337,282,477,30.92048366690228,5,0.8021582120965551,1
S0338,304,464,22.85253604177258,4,0.6781068882151307,0
S0339,298,537,17.096758487230247,6,0.768034256838163,1
S0340,280,484,16.94307376305686,6,0.5635187014241241,0
S0341,300,515,19.53527896693205,2,0.56450431450688,1
S0342,333,506,18.80249038989125,2,0.4681327263060963,0
S0343,310,509,25.584168877649773,5,0.4684301786232392,1
S0344,311,514,20.93208084872024,2,0.6086030448813469,1
S0345,304,479,16.341841305457358,7,0.857713286737823,1
S0346,296,516,29.45220342577891,4,0.7647827005588975,0
S0347,333,483,20.24654165760112,5,0.4615507361986125,1
S0348,298,484,23.844198379844485,7,0.9113419149855466,0
S0349,277,456,16.958867462776205,5,0.7608205761940399,1
S0350,322,516,21.815578138722618,7,0.9765133460708678,0
S0351,304,511,21.55554995571597,1,0.8021112804467245,0
S0352,263,522,10.551753539519236,3,0.5051049182225086,0
S0353,317,542,30.0763755523032,4,0.6842700173846934,0
S0354,291,479,26.453222304612737,9,0.7890985585283226,1
S0355,302,516,18.01402341927006,4,0.4169588206299866,1
S0356,292,501,14.488651297720722,5,0.4089461584928847,1
S0357,312,492,21.73780806901776,6,0.4776418003591408,1
S0358,285,505,20.433488497071984,6,0.5509986610272825,1
S0359,278,484,21.778344742816145,3,0.6577294741124053,0
S0360,300,533,20.957886980970446,3,0.692464284255873,0
S0361,329,520,22.53120494652963,5,0.4828165653627381,0
S0362,304,508,27.236528496959032,7,0.8040349474694986,0
S0363,279,514,22.840516025643232,6,0.7576828370179209,0
S0364,300,496,14.751722505450294,6,0.5766784593046961,0
S0365,267,544,26.81281426356226,4,0.4081959300611752,0
S0366,284,524,28.20307281744144,7,0.4465887492119744,0
S0367,284,496,35.760283672560426,4,0.6350168653065037,1
S0368,303,487,14.38252983380201,8,0.4923846106994103,0
S0369,315,453,21.214410065751373,5,0.6260917636887825,0
S0370,301,541,9.589506484055065,5,0.776909562706213,0
S0371,295,518,22.765745781896044,4,0.7283424567275701,0
S0372,280,510,17.258998509166137,5,0.5387055298824366,0
S0373,294,475,29.617228974124764,2,0.6062934947552514,0
S0374,307,459,16.12692514990709,3,0.7684187190691905,0
S0375,311,511,11.554084810163692,7,0.9165130168260692,0
S0376,285,523,17.6436812964874,5,0.8519280632433264,0
S0377,317,468,10.122561143914313,6,0.732040016100049,0
S0378,308,487,23.75549727253655,7,0.6173757989898917,1
S0379,274,501,9.674584768718397,2,0.6190307665250833,0
S0380,312,491,20.1422879059158,7,0.9276503861586376,0
S0381,319,524,9.610940900719015,5,0.4235461456243278,0
S0382,309,487,18.39851097731679,5,0.9927895866521566,1
S0383,289,552,28.21689077902267,7,0.7986252465109374,0
S0384,284,490,21.80323945717897,6,0.8086826194434343,1
S0385,282,466,15.68253197517533,5,0.4227987023828453,1
S0386,296,503,19.84398255530458,0,0.7633175649347633,0
S0387,318,478,20.09008436022223,7,0.6908668360542682,0
S0388,287,512,22.36315172921703,5,0.4634673441364402,0
S0389,304,528,13.165708183595868,5,0.5667532064616154,0
S0390,306,496,22.96283636923665,6,0.9341886737281908,0
S0391,303,475,6.4780418419861245,8,0.7299930495195718,0
S0392,314,477,16.850577238180946,4,0.6480499451043452,0
S0393,322,481,17.558630787742278,6,0.4436092935044866,0
S0394,325,475,23.1666341303562,4,0.8284729164413833,1
S0395,296,515,20.113154263384345,1,0.8217104940376195,0
S0396,288,501,12.972184730718569,3,0.7684261641835382,1
S0397,307,462,15.075034370914924,4,0.7061575877323896,1
S0398,278,475,20.99340004773704,5,0.6602706413244237,1
S0399,281,482,19.60466329067722,4,0.7559626557927954,1
S0400,276,467,17.104379451821266,5,0.540037271037044,0
S0401,288,501,17.595831052440104,2,0.9647554385065886,0
S0402,308,482,23.480839985796443,2,0.7532767175081377,0
S0403,284,493,17.411537135653926,5,0.586715466612626,0
S0404,278,507,19.559543779854632,5,0.6698079105310943,1
S0405,323,495,30.849682940402715,5,0.8834108733261354,1
S0406,305,503,12.881586815580384,6,0.4969696364381785,0
S0407,282,513,10.740786342126707,4,0.5757013734761562,0
S0408,296,500,23.91794832399304,9,0.8077048136419333,0
S0409,301,529,16.606784693529484,7,0.5892935238893343,0
S0410,281,502,18.4088123612869,2,0.8755010091168796,0
S0411,271,507,16.09421810934443,3,0.4782720923064165,0
S0412,286,489,18.70099929616244,4,0.8576117022727652,1
S0413,289,513,27.992690560481705,6,0.4410110289103398,0
S0414,311,493,24.0106422930906,7,0.4075555676004969,1
S0415,303,479,24.311117559434884,4,0.9389341112992972,1
S0416,308,495,12.918864721036773,5,0.7488035301593792,1
S0417,312,521,14.244231317235654,5,0.6110961382520869,0
S0418,305,498,5.804606702572865,3,0.5395567821783103,1
S0419,300,508,15.95309589458623,3,0.7701314699564896,1
S0420,291,483,24.78351593192829,7,0.7054013101220429,0
S0421,275,515,22.584732578741853,3,0.9949586653179912,0
S0422,312,525,18.892433685239386,8,0.9899295919922476,1
S0423,310,526,19.88849858140973,8,0.7810147396849658,0
S0424,286,489,16.55557228712297,5,0.6657223036635342,0
S0425,316,497,21.02379441200892,5,0.6946845814807973,0
S0426,288,527,23.829391397403075,3,0.8094874397421172,1
S0427,293,498,11.920566062947636,3,0.4609447265412288,1
S0428,329,493,21.49823843918674,6,0.5970112442864309,0
S0429,339,534,24.66217435477333,5,0.4451633446021623,0
S0430,282,457,17.924498555183153,4,0.4440164557101517,1
S0431,323,493,23.50350306060292,6,0.5175035451365403,1
S0432,317,567,34.07327222236276,3,0.6911519527559362,1
S0433,310,510,19.47828603506554,12,0.8708645926976736,0
S0434,287,492,21.966535250026617,1,0.6912975346995236,0
S0435,337,496,16.309714581693044,6,0.6012859663365219,0
S0436,282,504,20.90625581301025,1,0.4494117942020549,1
S0437,329,480,22.30135812491152,6,0.7301773139098777,0
S0438,310,492,20.97421170135069,1,0.562761151889906,0
S0439,337,491,14.901523401455716,4,0.7689605067502885,0
S0440,322,515,21.03180885662725,3,0.986312643479451,0
S0441,291,514,27.310979693588184,3,0.4667885928865301,1
S0442,285,480,22.24317882257264,5,0.527275239233164,0
S0443,269,499,24.809935945359207,5,0.6838567228596248,1
S0444,292,522,18.814940149936863,5,0.9811682892075576,1
S0445,266,503,23.74950119711855,9,0.8630858657619973,0
S0446,302,518,21.396339191082628,3,0.938937515897698,1
S0447,291,520,15.24544635156384,3,0.6002289090854758,1
S0448,324,522,21.592605023994373,6,0.9952230842671568,1
S0449,286,472,15.041516682798449,6,0.4616996896384944,0
S0450,322,508,16.83559862557604,3,0.4317837436276605,0
S0451,323,476,20.946641536461872,7,0.9133615762324168,0
S0452,335,532,21.48622136690062,4,0.9563589221241916,1
S0453,314,536,14.053837674614352,1,0.4543512145276611,1
S0454,299,506,25.26992885591438,7,0.4680564560475049,1
S0455,314,532,22.860031391502364,7,0.4199044946534643,0
S0456,296,509,16.47635782194558,2,0.4627045375856344,0
S0457,286,498,12.312076017754125,5,0.5256518900801685,0
S0458,293,484,19.275477104592845,6,0.9820459713460006,0
S0459,289,488,17.770281430694197,9,0.8007161333438082,1
S0460,257,480,20.565702285265115,3,0.8671318153111253,0
S0461,294,535,18.18441669422217,4,0.8656836422149132,0
S0462,316,477,9.962715696274952,10,0.7210442498675288,0
S0463,296,513,18.058265308494207,4,0.8784933866278103,0
S0464,337,523,18.471904444658435,4,0.7574845194339819,0
S0465,306,521,23.168305123870294,4,0.5887276585620146,0
S0466,336,513,16.50900162694475,7,0.7366660652610404,0
S0467,305,545,28.393373366862832,8,0.7201051516807081,0
S0468,285,488,10.441797246741215,6,0.8940718322555924,0
S0469,285,478,26.55583748901312,6,0.9890363304289954,1
S0470,315,480,18.87840514560948,3,0.6466255392525584,0
S0471,295,484,24.297924361717783,5,0.8580344070648158,1
S0472,310,523,20.399007420293664,6,0.4598578024228801,1
S0473,318,518,25.697777680127345,2,0.8660988216689731,0
S0474,285,464,18.063190177235946,8,0.6228501471959393,1
S0475,305,491,14.50689787411094,5,0.423634097733812,0
S0476,272,482,27.10252143635532,4,0.6179477071373063,1
S0477,288,488,19.432596770589296,4,0.7663856505529869,1
S0478,322,532,21.107792368121054,2,0.47155010060888,1
S0479,308,524,26.17375957022397,5,0.9544206954581528,0
S0480,271,483,14.840223789527826,5,0.4466034479637031,0
S0481,294,457,22.977454488196287,4,0.9580040318998996,0
S0482,312,517,17.050526217685544,2,0.8242825107614119,1
S0483,270,482,19.33915322177814,4,0.5978273052485221,1
S0484,309,494,20.361394826921444,4,0.634450208625456,0
S0485,321,520,12.49889069276532,1,0.8444856188396466,0
S0486,299,488,16.105814785897827,8,0.7608826605287244,1
S0487,318,481,26.755364462065696,4,0.8029857528729671,0
S0488,309,518,24.43095594292398,10,0.6334987699080881,1
S0489,288,518,19.686802113363825,6,0.6926880890845595,1
S0490,316,525,21.215617292564467,3,0.993920490422736,0
S0491,311,504,18.52878747181771,6,0.5283537222998307,1
S0492,310,528,26.78291692913991,4,0.6507137119132789,0
S0493,306,518,18.99823711102918,3,0.5750939125443804,0
S0494,280,514,21.15921046067424,2,0.8590669062639099,1
S0495,323,481,25.730150720710327,3,0.8584075753994325,1
S0496,318,541,16.113142575770468,5,0.5754672765984375,0
S0497,292,490,27.79394592248447,3,0.4488341899797897,0
S0498,280,522,12.347692951283117,4,0.4068596060033224,0
S0499,319,506,28.148210655564,3,0.6564703199454913,0
S0500,307,497,18.136622080240127,6,0.6462025566014625,0
S0501,307,512,18.78650626087359,5,0.9930339271839178,0
S0502,315,546,10.549949144085286,5,0.6818812454186078,0
S0503,314,500,17.726026413111537,4,0.5538510217452524,0
S0504,347,513,14.80096734486558,4,0.9347376646188804,0
S0505,307,485,16.961768273132638,6,0.6946407697921471,1
S0506,274,509,19.3134451710556,4,0.7595053811263467,1
S0507,310,477,24.78895807236453,6,0.4574012262569276,0
S0508,290,497,21.038016757003128,4,0.6297498443978644,0
S0509,267,525,21.53838326700557,5,0.966534204684272,0
S0510,292,507,14.522403055772187,5,0.7537032305052553,0
S0511,313,525,15.59622955198635,4,0.606701113085477,0
S0512,314,499,28.99362509175656,5,0.7754003083789558,1
S0513,299,474,16.323994826183768,3,0.9462466537468696,1
S0514,309,485,28.28104126028648,4,0.564394360283554,1
S0515,296,505,18.784694005595668,6,0.7030700310824047,0
S0516,281,490,20.01143968071752,6,0.9752143923470532,1
S0517,310,463,25.351825801149648,1,0.5034376859790716,1
S0518,271,531,26.359462109693283,3,0.8317983553580269,0
S0519,308,510,19.44593719860456,4,0.7686886049217894,0
S0520,339,528,18.058784732392304,6,0.8078050786843809,0
S0521,297,478,19.72039775738893,4,0.6107317784005418,0
S0522,296,486,21.689787641160592,3,0.588327624090259,1
S0523,295,533,24.456518434348776,14,0.8105258023530223,0
S0524,325,526,20.02114929497076,5,0.5293259710627272,0
S0525,284,489,23.094431490115767,4,0.6517928469154031,0
S0526,308,463,28.191798661354703,5,0.5129047876317508,0
S0527,322,459,21.906548061323925,5,0.4049829046739979,1
S0528,352,481,21.55826428002389,7,0.9820344160228416,0
S0529,322,484,12.40544587454966,7,0.6590217871938515,1
S0530,315,475,6.846349315854683,7,0.9816097686518952,0
S0531,314,485,21.94187864615084,2,0.4841941118606956,0
S0532,278,488,19.52587884359564,5,0.7524200676744917,0
S0533,330,481,17.42608662542629,3,0.5205844196747438,1
S0534,316,483,21.21765102093172,7,0.8740444761779649,0
S0535,276,511,19.697981354015457,2,0.8702217932565851,0
S0536,309,480,25.638901253169493,6,0.4675642894235871,0
S0537,283,473,20.43055434129489,4,0.9472386717258336,0
S0538,266,528,16.265383574649164,8,0.5167777883219348,1
S0539,288,462,24.950831194796443,5,0.7677864049536163,0
S0540,290,487,18.91434462526899,1,0.9913801720526224,0
S0541,295,522,22.632683418361538,2,0.9294379208598182,0
S0542,305,505,17.612946469035997,3,0.9739383571367014,1
S0543,310,473,16.75086557251282,6,0.6055592627308717,0
S0544,315,485,20.42084115092848,8,0.463345385331678,1
S0545,299,462,20.064143217718424,4,0.5130081239736701,1
S0546,279,487,22.399135176834164,3,0.7002969370459683,0
S0547,306,453,18.656771233451288,6,0.8759378069639933,0
S0548,303,497,10.818201081148011,6,0.4900921865103251,0
S0549,291,505,17.836130582058058,8,0.7958389193564543,1
S0550,272,519,23.96909233571908,6,0.5941465624237071,0
S0551,249,488,18.513119603784467,6,0.6047212434352921,0
S0552,295,532,18.76808298742726,5,0.7971506380947557,1
S0553,303,478,24.931882529529688,4,0.6801996517199321,0
S0554,317,516,16.440133863705388,5,0.8872199758155963,0
S0555,281,499,12.285983908785502,5,0.4935511057976962,0
S0556,307,491,19.196844402372527,6,0.8739689618602231,0
S0557,262,494,17.579130243756314,11,0.4385411488344525,0
S0558,311,497,15.16876840123373,8,0.5164323281473631,0
S0559,311,470,19.123107720506543,7,0.7936898287018992,1
S0560,292,551,22.45752823623392,7,0.9129553939066428,0
S0561,270,504,19.95355719216092,4,0.5516077766436094,1
S0562,302,499,21.53490536343119,8,0.5963149634973478,1
S0563,298,481,29.067038492577115,6,0.722272448972044,0
S0564,301,492,18.28560569221218,2,0.5269436838935814,1
S0565,270,472,21.391743173223347,4,0.8866937569525034,0
S0566,286,477,17.453933187004328,0,0.8641819870034565,1
S0567,323,480,15.768201400565136,6,0.487175027179469,1
S0568,282,524,17.07546173291115,0,0.6782978390899792,0
S0569,308,504,17.606207142391558,7,0.8648966599927728,0
S0570,303,492,21.797378987735627,9,0.6023977186620488,0
S0571,283,491,31.745378933503787,7,0.779864093630639,0
S0572,268,504,16.4197828186208,2,0.4301278728745437,0
S0573,287,521,17.91687347192269,4,0.7652132563175909,0
S0574,322,511,19.68438493444376,8,0.4915917880003642,1
S0575,313,480,21.978994243548737,5,0.8983499950686709,0
S0576,292,483,21.317754059773925,5,0.6132696781482871,1
S0577,322,521,26.420478969740586,6,0.5689323176369174,1
S0578,297,517,7.868039647323959,2,0.904533386026891,0
S0579,299,497,8.065350649021637,4,0.4300864138430861,1
S0580,326,465,17.520609139949254,7,0.6379652796006069,0
S0581,288,539,25.486500937718542,3,0.6220021243450189,0
S0582,328,486,12.17175984197202,6,0.5708802245497305,1
S0583,306,482,4.961838301531214,2,0.9470525992008862,0
S0584,312,498,22.85589703109604,8,0.8505570361100334,0
S0585,311,518,21.21828611851357,10,0.4383538985151632,1
S0586,282,499,14.54895796600285,5,0.8288124696609724,1
S0587,321,519,15.07230199639535,4,0.7163794798772765,1
S0588,286,524,15.151281401826628,4,0.9405207366409476,1
S0589,297,489,20.5526765873697,8,0.587767370409015,0
S0590,293,507,16.868423619084965,9,0.7444971997657497,0
S0591,281,501,22.4703195948776,7,0.7004531648445916,1
S0592,308,450,5.726866685478045,7,0.6937365437365635,0
S0593,315,503,15.715740674361005,3,0.6736632397103276,0
S0594,286,525,14.369730195444747,8,0.5233776853193688,0
S0595,281,482,18.71829660813754,7,0.8534259534954356,1
S0596,292,515,17.309761207549307,2,0.6708016196435732,0
S0597,296,507,23.989218899478832,5,0.9751097650015634,1
S0598,306,476,10.703316141699712,7,0.5564850563156658,0
S0599,281,521,20.22745738165376,6,0.8096463037762247,0
S0600,308,517,22.791682116058528,1,0.9644302477834652,0
S0601,320,519,29.28323718280977,3,0.7980749938096555,0
S0602,304,512,17.591170144532626,4,0.9227637445704368,1
S0603,284,541,21.622293021762584,4,0.8964885758542036,0
S0604,288,457,10.980686037188176,3,0.6160706292934023,0
S0605,301,524,8.040218978434881,7,0.760074363963698,0
S0606,255,519,24.2238718789085,9,0.4937568038868133,0
S0607,298,490,19.97219853175965,4,0.7213155296173597,0
S0608,290,543,25.89256344899212,3,0.5382531830886024,0
S0609,256,507,13.132985555151254,4,0.8462420889714674,1
S0610,307,488,22.59951069764376,4,0.7168350531352747,1
S0611,298,516,29.344089202719267,6,0.6467364175789962,0
S0612,299,514,22.09852804178633,3,0.5612782577001866,0
S0613,278,489,21.382907527955243,10,0.999219089104772,0
S0614,290,496,20.04278040412175,5,0.4430263125309596,0
S0615,283,490,12.14559271437044,5,0.426136408343452,1
S0616,354,543,26.77786467855174,3,0.5303544402963187,1
S0617,309,492,16.94571180097467,2,0.9826434751766918,0
S0618,322,455,22.522416281915085,7,0.9875429009919908,1
S0619,310,475,12.184828467143731,5,0.7929566408632815,0
S0620,337,497,14.102701677461098,4,0.9280640003238428,0
S0621,300,483,27.175436996111177,6,0.5283770385044773,0
S0622,322,511,18.263488555210785,5,0.983225256505974,0
S0623,310,517,27.266377380212724,4,0.4856709100837388,1
S0624,284,535,19.60884670470741,7,0.460675112908995,0
S0625,295,518,10.790511135210712,4,0.4673269235483637,0
S0626,275,511,24.4603379986586,2,0.7438767539635388,1
S0627,323,494,17.05053841122196,3,0.8685846404308314,1
S0628,303,533,23.493444067585216,8,0.6200003067247799,1
S0629,323,488,20.12605433770041,5,0.986737592671676,1
S0630,291,484,12.284408860285648,6,0.6606520828709976,0
S0631,317,477,20.821473826852845,2,0.4902691304639298,1
S0632,316,495,30.981115710763994,3,0.6795800489116821,1
S0633,318,469,22.464932292572296,3,0.8074222992534639,1
S0634,302,502,19.712411234972684,7,0.8993354683026272,1
S0635,291,499,25.37671700978449,5,0.6752609739739557,0
S0636,295,506,21.05334232601556,2,0.7561640956295005,1
S0637,294,475,21.04767115131397,2,0.560406827295312,0
S0638,286,503,14.541874139204488,7,0.7875499158433084,0
S0639,285,490,21.16924012894799,8,0.9915831663702064,0
S0640,305,510,25.177217082084724,4,0.4294321435526763,1
S0641,306,523,15.819689239499876,4,0.9319184024231006,0
S0642,294,510,27.12247910623474,4,0.7373695016605137,0
S0643,301,493,19.54146987927437,3,0.55125919573738,0
S0644,294,521,15.561152442307296,4,0.9729338260055548,1
S0645,304,505,24.988160384601223,6,0.6900125818353393,0
S0646,305,480,18.56602882130865,5,0.5990141510040314,1
S0647,317,506,23.79757443743054,5,0.5088985769625047,1
S0648,342,502,18.54120683870732,3,0.5466713261539973,0
S0649,283,476,19.70086928235048,6,0.8997094249548656,0
S0650,307,486,22.46780102167146,4,0.7686460055902995,1
S0651,292,496,21.45448528795003,2,0.9479473716929896,1
S0652,299,450,10.022341097741307,5,0.5391810712946715,1
S0653,289,513,14.39378129952804,7,0.4726831443093409,0
S0654,317,481,24.64704992395408,8,0.403652518585354,1
S0655,290,483,19.339317055492263,0,0.7047172225695963,0
S0656,311,491,17.381343486142892,5,0.9989841582291928,0
S0657,296,523,13.207129923712628,4,0.8169791612911834,1
S0658,282,490,14.601318393620758,6,0.5850367551790876,0
S0659,282,522,9.891006800190263,4,0.926115149815703,1
S0660,311,479,19.493596406492337,7,0.8690333595927758,0
S0661,303,498,17.007812097094764,2,0.4092490996459236,1
S0662,317,525,15.167060545073424,3,0.8901162883246134,0
S0663,340,492,19.65938287416024,3,0.5803160543430976,0
S0664,285,524,21.81985315426369,5,0.4898040787501607,1
S0665,305,497,30.46598966104973,6,0.5357985038422448,0
S0666,292,542,12.440582902183932,9,0.6811478826250834,0
S0667,315,543,25.79690521650261,6,0.6549207562408066,1
S0668,318,502,24.86550780507536,7,0.5733323796245361,0
S0669,308,498,16.104536303116497,2,0.5033309933242196,1
S0670,306,475,21.016179772930155,2,0.8573384737853016,0
S0671,304,514,17.711833753311925,8,0.9940658702409504,0
S0672,312,495,20.928442902093696,8,0.8666749482518142,1
S0673,285,507,27.54565506702276,8,0.5775621806029247,1
S0674,305,511,23.02803116315657,7,0.54688537684728,0
S0675,286,490,22.54304186616721,6,0.5305995256395629,0
S0676,305,494,17.848453400226788,2,0.4820170446934217,1
S0677,310,523,12.579716675378323,7,0.7307983298153807,0
S0678,296,492,18.95765894729796,6,0.7632402231720066,0
S0679,277,467,26.033040774319574,5,0.8233015963978824,0
S0680,312,494,12.364160717051762,6,0.8081280225602008,0
S0681,288,510,14.724553159116525,4,0.5753999867700295,0
S0682,271,493,20.63133868117034,4,0.5981866032381079,0
S0683,283,474,15.076726075763688,4,0.8089087212654027,0
S0684,285,444,16.03738276442394,5,0.609668584470177,0
S0685,268,475,17.882007091359114,4,0.5275739137715878,0
S0686,267,504,13.171912979049251,7,0.6246016922180437,1
S0687,286,500,15.129390768918158,2,0.5632504945467867,0
S0688,324,556,23.517139583936544,4,0.4529876327311467,1
S0689,302,531,13.46315108884518,1,0.8980833413659921,1
S0690,291,538,12.010639327525812,6,0.9118668334942218,0
S0691,303,508,16.84987510233053,1,0.5318501801001276,1
S0692,298,517,23.65977751254923,6,0.438863319715121,0
S0693,303,512,19.01539096001555,6,0.8432964624107078,1
S0694,282,516,17.677094609421907,0,0.5269171755180482,1
S0695,283,473,20.221793987578035,6,0.6360612936621162,0
S0696,273,502,11.27146283570174,1,0.43848115134243,1
S0697,314,496,22.473528268875164,4,0.5357617508550612,0
S0698,308,537,21.91717515701822,6,0.8757413669977815,0
S0699,331,526,17.953457629521395,7,0.8826378681491212,1
S0700,295,501,25.029622558982084,6,0.5242508949326262,0
S0701,302,505,14.362519505234808,3,0.6015483070640137,0
S0702,301,441,25.639544966267845,7,0.4805430514562461,0
S0703,272,515,20.772468327976256,6,0.4445035781709534,1
S0704,277,511,18.317237050609133,5,0.9953030286690456,0
S0705,315,549,19.90063182315844,7,0.7933563707469036,1
S0706,252,520,19.46367617094529,4,0.7252579055189913,0
S0707,287,507,26.101414482088583,7,0.8592991002431798,0
S0708,272,512,14.616604362644932,1,0.9040462958126344,1
S0709,303,545,16.18740380426701,2,0.8840288608268365,0
S0710,295,508,25.1815144603624,2,0.409923669573926,1
S0711,305,487,17.022325324080704,6,0.5120847389142991,0
S0712,330,495,24.50266538665796,8,0.7929431812706986,0
S0713,276,476,28.497179915043542,6,0.6254556086823777,0
S0714,294,462,17.99102486529183,0,0.9894895906366642,1
S0715,322,466,23.40681163287653,10,0.7992428755829524,0
S0716,316,511,14.231538593300709,2,0.973929345237524,1
S0717,270,475,23.77366649033905,5,0.5208678889874763,0
S0718,281,481,20.997119929933834,8,0.918374216869014,0
S0719,307,540,22.365191410801074,5,0.5928113834891352,0
S0720,278,450,16.772139639823024,4,0.993738884942684,1
S0721,330,505,11.694582922164138,3,0.4946132032438884,1
S0722,305,487,22.516260323747524,7,0.709803891302996,1
S0723,281,506,9.682984237602728,7,0.8757067203022731,0
S0724,295,485,18.413247538787324,3,0.6595854883624215,0
S0725,293,484,24.70590933209985,3,0.680850436112588,0
S0726,290,492,20.95948867936518,2,0.9918134773034446,1
S0727,297,450,29.741713223949063,2,0.655184890180692,0
S0728,307,524,25.125545762908867,7,0.7624432603594382,0
S0729,306,481,16.730508058372116,4,0.4327237964050904,0
S0730,280,465,20.1365668992572,1,0.905326048126156,0
S0731,315,489,19.76314648727782,3,0.7889008293877261,0
S0732,264,462,12.089116183269365,10,0.6424120617176882,1
S0733,279,517,15.298005417578237,3,0.4097017239727119,0
S0734,290,499,17.1961954651007,6,0.7550012923561024,1
S0735,310,489,9.818897485720315,4,0.4075946970904973,1
S0736,318,502,20.237467341258213,5,0.4007221683454107,0
S0737,290,505,18.7546407767348,3,0.7696591372896129,0
S0738,301,518,11.635530493442127,7,0.5134102404007326,0
S0739,277,473,22.02106432638666,5,0.5151325298308572,1
S0740,297,491,23.5793637234548,2,0.7919629394996462,0
S0741,293,512,21.13517239432445,6,0.4322183127636246,0
S0742,319,513,18.37965912395515,3,0.5880433368847338,0
S0743,314,509,22.95721075875928,2,0.4896591412852115,0
S0744,296,531,23.40110180238345,7,0.7481058218779204,0
S0745,314,486,21.53701784859844,6,0.7970590928364375,0
S0746,302,494,15.876938747826197,3,0.8326815121594262,1
S0747,344,511,21.383003827555903,5,0.5531387301511392,1
S0748,275,511,25.977403254127395,7,0.4535498509819504,0
S0749,298,493,17.01685470694135,4,0.4472101941651387,0
S0750,273,516,30.48969669566216,4,0.6556909290704342,1
S0751,279,511,17.37184533007308,3,0.967506645437629,0
S0752,312,510,20.16203506670068,6,0.5306374205482147,1
S0753,294,528,16.637572019968317,4,0.5540449608049296,0
S0754,298,498,21.116354179601306,5,0.4605332812635154,1
S0755,316,494,11.288891536823623,7,0.7633421643363582,0
S0756,310,489,17.269791005916396,4,0.807923724368305,0
S0757,287,527,14.539393998257164,3,0.7857587248964559,1
S0758,298,543,20.67669173946145,1,0.9166781458268688,0
S0759,308,524,24.97223687754454,5,0.6918555010156431,0
S0760,307,519,23.23003093557276,8,0.4806742244602386,0
S0761,267,523,8.141703195705539,5,0.5736430784226476,1
S0762,279,486,30.2103482646394,5,0.7974579840528111,0
S0763,301,518,21.47639970310434,3,0.767873184244936,1
S0764,256,528,16.117504297535,3,0.7186018778457774,0
S0765,311,511,20.785639594954706,6,0.8097786512132124,0
S0766,268,488,20.880949112513463,5,0.7824345102239796,1
S0767,292,506,16.665756415242182,7,0.928794933678971,0
S0768,292,512,20.98958333671038,6,0.7516098264869779,0
S0769,308,495,16.962638561898466,8,0.8671608152203338,0
S0770,281,519,17.978190036549886,8,0.5492242935798808,0
S0771,308,513,16.568604321224576,8,0.8069095507534407,1
S0772,288,508,12.836643551301735,9,0.9413164710296056,0
S0773,271,480,20.72918235107692,5,0.6314393967398999,0
S0774,289,471,22.92649718258169,3,0.867462512403188,0
S0775,306,526,22.57441798038186,4,0.8348735807172613,0
S0776,284,516,24.09962626317617,5,0.4357157181230935,0
S0777,306,499,21.621701050074343,6,0.7489049857744434,1
S0778,307,489,17.33637250891548,7,0.4781136095204814,1
S0779,316,483,24.198319322155943,4,0.9803915033383548,0
S0780,304,508,13.212412300790325,6,0.8868445016203937,0
S0781,317,503,15.4966430874376,13,0.4658342807482721,1
S0782,277,486,15.178999642883776,3,0.473051198588607,0
S0783,332,563,25.40028029569655,7,0.7566843129475713,0
S0784,293,532,24.71394257070038,7,0.60693350450391,1
S0785,297,504,22.436526185224974,2,0.4209435154438656,0
S0786,336,458,25.359649326058985,5,0.7249849046998318,0
S0787,276,506,15.60358608794006,2,0.6327070598115081,1
S0788,324,538,21.742975599304906,4,0.4606458954230456,1
S0789,289,473,19.37412785808418,3,0.8811522353535897,0
S0790,322,486,24.23441051942457,3,0.9490460591672836,0
S0791,330,513,19.423878837239013,1,0.853956360408478,0
S0792,314,521,18.075285557949595,7,0.8934533860097664,1
S0793,320,486,22.70454259280495,4,0.5298943403596704,0
S0794,315,485,24.38084583595617,9,0.5581437705511606,0
S0795,282,511,16.65827402576599,4,0.5251165241795126,1
S0796,257,506,19.69462164323812,6,0.8590380588193384,0
S0797,278,515,14.707796831791736,3,0.9687502473606984,0
S0798,318,511,7.509694912535302,8,0.8301023240403416,0
S0799,300,490,21.002298157068644,6,0.9288800589277336,0
S0800,312,465,23.04452678127316,5,0.7832194569299036,0
S0801,304,538,21.310334045433628,3,0.6325959403352794,1
S0802,289,467,10.252191411228164,11,0.6554569689581831,1
S0803,310,515,18.245752849617627,7,0.4451928593004429,0
S0804,307,469,8.908261199744594,6,0.4188743171476157,0
S0805,280,514,26.848505538270924,6,0.8172853625134464,0
S0806,273,483,14.56972708940957,6,0.6630573352067084,0
S0807,317,502,26.27701804729948,6,0.7313290408327777,0
S0808,303,556,24.72934821842073,5,0.7345967485734498,1
S0809,306,501,15.497048237319692,8,0.5664254879999808,0
S0810,293,503,14.336075243661275,6,0.6855355064976945,0
S0811,303,507,21.75185108193169,8,0.6824561330006214,0
S0812,314,482,15.778379814084644,13,0.6330563327367142,0
S0813,313,488,20.51242321079104,4,0.8924052300406423,0
S0814,343,496,17.58586204596541,1,0.6706984022125575,0
S0815,291,505,11.094207927671834,4,0.7621867147035928,0
S0816,290,489,8.847659904377705,2,0.9373120722284956,1
S0817,297,494,21.133421242472984,7,0.9197401737153534,0
S0818,324,512,17.192211268346874,4,0.9342533222674992,0
S0819,294,471,17.234550915429338,5,0.5620029978790084,0
S0820,310,471,23.479319195468925,8,0.4209894929848377,1
S0821,306,513,25.867211383162225,6,0.5566400799371976,0
S0822,316,517,18.637276393190955,5,0.5672244073724252,0
S0823,304,500,18.297006465450693,2,0.9456161960349808,0
S0824,307,508,22.500715165569417,6,0.7895456397027825,1
S0825,304,496,13.215322151502123,5,0.4490223757613373,0
S0826,303,526,21.11576527373849,6,0.4812271576066607,0
S0827,309,467,22.75942985911077,3,0.4934056753251852,0
S0828,288,505,23.401151042088145,6,0.7782530489013539,0
S0829,300,463,10.316236487487677,6,0.8412484153042019,0
S0830,264,467,16.193223650955296,4,0.9157863463392376,0
S0831,315,503,15.608683735882668,7,0.964381930483746,1
S0832,316,509,20.499434772046065,4,0.5210227344318651,1
S0833,297,512,22.40372289883992,0,0.5858634908344295,0
S0834,291,487,27.483552037229902,9,0.5441937284468984,0
S0835,272,533,17.525172598159635,1,0.6152569404796826,0
S0836,305,505,17.512137508453932,6,0.9487990644542496,0
S0837,307,491,25.74836009439373,4,0.7450675401636169,1
S0838,307,498,21.482884692651524,5,0.8429151383946994,1
S0839,276,513,26.33825755593987,6,0.6940715416760692,0
S0840,320,491,21.44364001504918,8,0.4173147480016747,0
S0841,303,453,14.214416906433645,4,0.4385172915986886,0
S0842,282,513,13.334358226110968,5,0.7227538187607314,1
S0843,291,512,12.242438754705354,10,0.8312734208920154,1
S0844,288,518,23.310259173792367,5,0.5291983165172389,1
S0845,290,494,25.94298411543504,7,0.8331457443953825,1
S0846,287,483,29.246810706931903,6,0.8863994640901074,0
S0847,323,505,24.2155266616162,4,0.6471384870172667,1
S0848,282,492,25.814192887674928,3,0.847851539706463,1
S0849,298,489,17.099918336731577,5,0.6424179701970759,0
S0850,278,475,14.217920916280717,4,0.807010377673012,0
S0851,312,490,24.250396662087766,4,0.8583982295917258,1
S0852,297,469,22.088403761197004,5,0.9951559709848664,0
S0853,314,494,20.537221871704464,2,0.6072379972381576,1
S0854,305,510,21.93685740316495,7,0.6466244683447668,1
S0855,313,510,21.61592741229103,3,0.4993720356461028,1
S0856,343,510,26.41908429926781,5,0.5224438350410842,1
S0857,264,474,26.47492792408478,6,0.8160370015590266,0
S0858,287,506,22.72110176170173,8,0.9502273540926855,1
S0859,327,494,24.22901436281464,5,0.6367629709967444,0
S0860,288,470,22.57031276212388,3,0.5079066681013248,0
S0861,297,475,17.694151339826906,3,0.5710596996297964,0
S0862,266,479,23.7828233745657,5,0.6730310228848833,0
S0863,250,503,13.027524655703692,7,0.574390197619221,0
S0864,327,529,25.269457761479416,5,0.5401474498731198,1
S0865,302,490,14.027385301169826,5,0.8415906932542477,0
S0866,292,502,21.429016433973665,10,0.4047069527443739,0
S0867,334,504,15.774230207869206,2,0.7235383164018898,0
S0868,296,493,22.76694491537213,6,0.8762600842178523,0
S0869,287,473,19.830373870360457,7,0.559736971790481,1
S0870,283,496,12.026220209183338,4,0.7619749063672104,0
S0871,298,462,22.1034981550924,11,0.8013400633711707,1
S0872,305,517,17.110396115836448,5,0.793014817843054,1
S0873,276,524,24.40573360406685,4,0.6675097805192307,0
S0874,285,498,20.006628443672035,1,0.6079467927254676,1
S0875,321,524,21.97710492694019,11,0.901554443816688,0
S0876,301,485,15.21215522492394,3,0.8550675741999185,0
S0877,321,470,17.05333884286319,2,0.5927531040483476,1
S0878,267,571,17.706806819494577,7,0.4618115166653236,1
S0879,302,515,24.28351240121278,5,0.4430845272672815,0
S0880,298,494,28.386885439027445,1,0.4565655867393616,0
S0881,321,505,15.97414124128562,6,0.7497216167152256,0
S0882,298,511,25.3842407232884,4,0.4309973054973938,0
S0883,308,463,9.15161291137149,9,0.6021561249784231,1
S0884,266,485,14.029052994538551,4,0.8519198211485376,0
S0885,317,496,15.206107719066123,9,0.5766088999092269,0
S0886,283,492,13.237456552796388,5,0.8579848463080779,1
S0887,281,506,12.0820580510621,2,0.8472802229242331,0
S0888,314,492,22.064994560688987,8,0.5474962795799299,0
S0889,284,496,18.92966151136069,2,0.8372933080556473,1
S0890,324,523,21.897026988025548,7,0.8486659829632605,1
S0891,286,506,23.45236343060757,9,0.6384723554002161,1
S0892,242,521,21.32808496586267,3,0.5262522902449109,0
S0893,298,524,23.28881588075187,3,0.7127624841351214,1
S0894,302,520,19.65233856878865,6,0.9528385528001178,0
S0895,274,494,14.065033058471275,7,0.7837700394592372,0
S0896,318,503,25.28907090410398,2,0.5037534985763568,1
S0897,284,480,17.054439336094365,9,0.8096541548401119,0
S0898,289,505,15.32201850618787,5,0.6563218163691007,1
S0899,304,454,19.11041062097801,5,0.7549172784132239,0
S0900,316,518,15.435945403517437,3,0.8404384210138647,0
S0901,329,481,17.91284809005284,6,0.7089684109086669,1
S0902,280,461,21.720269607817333,6,0.8883903847439851,0
S0903,316,475,21.741708696230635,4,0.8332933475899766,1
S0904,321,479,15.510849667871852,6,0.7690440040111064,0
S0905,278,450,17.56147313525628,8,0.4904756894994109,1
S0906,282,501,25.37166502385121,4,0.901569466546941,0
S0907,308,492,22.482000588669703,6,0.9615433511918896,0
S0908,297,473,30.375325196742708,4,0.4821790742855769,0
S0909,271,455,25.90064086870764,9,0.6929446776600583,1
S0910,317,505,25.721465342799696,5,0.5553332451823028,1
S0911,307,530,13.06065724772099,7,0.8527139844553387,1
S0912,324,558,23.819301758167114,2,0.83297778160282,0
S0913,280,466,19.73446599151545,4,0.4845310723422392,0
S0914,303,477,17.245090982308753,4,0.9262163627569824,0
S0915,311,509,20.840076702662643,7,0.5085838383868014,0
S0916,270,486,24.72605767305742,3,0.8783554153888644,0
S0917,282,476,22.504157955021057,4,0.6741882157768029,1
S0918,318,470,15.6076309932897,3,0.5969633761348907,1
S0919,311,482,23.712294567963102,3,0.4949435576045281,0
S0920,299,550,16.81206228962018,2,0.5005685536879777,0
S0921,298,492,21.08341559482143,10,0.7971343328205402,1
S0922,300,460,18.48324966261433,3,0.7302582327682723,0
S0923,292,511,18.905668741321872,2,0.4732512529907396,0
S0924,311,494,23.831214875202548,6,0.4676187162629951,0
S0925,274,495,14.79903140092051,4,0.4433863448636749,0
S0926,279,489,29.725975371384664,6,0.8462604084241265,1
S0927,297,466,10.89456965352752,2,0.8271292511375735,0
S0928,308,506,17.011661583725715,4,0.4350585945127451,0
S0929,292,488,21.851059449708703,9,0.7361620453581839,0
S0930,299,482,22.92157083217655,10,0.450805693145614,1
S0931,307,477,19.49762139714148,5,0.942247462365365,0
S0932,309,512,19.713046484992287,2,0.9442704515080794,0
S0933,310,498,22.052750426638084,3,0.8189397938878781,1
S0934,281,459,18.8446526127116,7,0.95571335286367,1
S0935,285,490,26.96590628967453,6,0.8868718182482143,1
S0936,288,530,24.19674557115801,4,0.8971231455562296,1
S0937,310,481,24.36412175502817,2,0.74182471034196,0
S0938,290,494,15.169216383147916,7,0.5836355189297056,0
S0939,308,477,19.603057877971487,6,0.530679469069853,0
S0940,323,489,18.49767025639648,7,0.5963200132233575,0
S0941,316,495,14.971993121552671,7,0.7770972580534372,1
S0942,287,524,21.800820919728835,3,0.5035939214994394,1
S0943,309,529,17.31177121110092,3,0.555184141982393,1
S0944,275,513,23.277019149251185,4,0.6808365176772786,0
S0945,298,495,14.64904218552834,5,0.5398300591147693,1
S0946,302,494,28.595203064209105,2,0.7531862018296369,1
S0947,296,511,15.51833670703969,4,0.953905617073798,0
S0948,288,471,21.09651168600218,7,0.8488536194218759,1
S0949,289,479,23.959296551940337,5,0.7998559684893478,0
S0950,313,511,17.146797848999437,6,0.7496328855902672,0
S0951,312,495,24.262343217164755,4,0.692768745554239,1
S0952,319,506,13.85408201099792,9,0.5119383157807958,1
S0953,323,475,27.260588495912803,2,0.9368262732561192,0
S0954,310,503,20.0707463248288,6,0.5491216012077018,0
S0955,273,479,17.0179429601556,4,0.4547853265468964,1
S0956,290,520,18.50409113786283,3,0.8500091075372171,1
S0957,289,484,24.0445963469636,6,0.5053693205986999,1
S0958,313,504,17.077723540747808,7,0.6231375997247056,0
S0959,327,516,16.253211552886114,8,0.4169709569745878,0
S0960,309,499,18.89231701208131,9,0.4822407655242688,0
S0961,325,484,14.11518943615016,5,0.5039221784559472,0
S0962,270,506,29.10271953970908,4,0.4326460766501068,0
S0963,316,486,17.168027043926383,3,0.7939941739737071,0
S0964,321,500,24.158083930902016,7,0.9022046774818704,0
S0965,266,516,21.047350418238864,4,0.6239892438195646,0
S0966,305,505,15.07732974759016,8,0.9247458860309204,1
S0967,273,476,19.970226453936352,8,0.5280079447360759,0
S0968,309,464,23.92001389655374,1,0.5952342541367437,0
S0969,323,503,19.058693324568463,5,0.4904421958187011,0
S0970,301,501,25.96556472925514,4,0.7723355172513993,0
S0971,291,478,25.10757696390932,3,0.651921754522184,0
S0972,315,528,24.59457427329165,2,0.7679700081051393,1
S0973,325,532,17.701716138635014,8,0.8570049432365101,1
S0974,305,522,14.600787761092564,8,0.7274218096197691,0
S0975,305,517,16.932061973186027,3,0.7765782129410728,0
S0976,286,505,20.981204703333603,4,0.9611501886365996,0
S0977,274,484,22.728933567661777,12,0.5794385857653059,1
S0978,299,483,9.142142976197762,3,0.6154983631803719,0
S0979,339,503,19.95943399194125,3,0.8306220170256022,0
S0980,313,495,20.79044612661592,4,0.766783310233232,1
S0981,307,462,18.61227871842224,3,0.5071197427238289,1
S0982,287,476,26.4563691950794,4,0.6256883860062941,1
S0983,299,480,22.10890037125436,6,0.680702807874829,1
S0984,278,494,26.550959540404484,4,0.6516339027810336,1
S0985,299,511,18.92019739824884,3,0.5069648849932245,0
S0986,305,542,24.687387462534623,8,0.9546580550705572,0
S0987,284,474,28.1753319726376,2,0.8573912570163855,1
S0988,285,497,26.558467246363307,3,0.6888134992647114,1
S0989,275,511,14.539292032856334,7,0.808036616984102,1
S0990,317,515,18.731619612288096,3,0.9383696032813132,0
S0991,301,530,18.27417647275102,7,0.4817044854169428,0
S0992,333,481,22.44627267538164,5,0.5502238304241867,0
S0993,271,483,23.431767775072665,2,0.725620748353987,0
S0994,276,472,15.80553662987132,9,0.8794062228114152,0
S0995,300,500,20.33919256958469,4,0.4217529372649164,1
S0996,300,482,9.900363339219318,3,0.9904108901178164,0
S0997,288,518,27.209725029009448,1,0.6729439617294384,1
S0998,296,494,17.43812879661653,2,0.6155386843730338,1
S0999,327,543,20.279319699222484,6,0.5756346627038631,0
S1000,305,520,18.45175143005969,10,0.504614024590523,0
